frame,timestamp in s,success,yaw in radians,pitch in radians,x of gaze vector,y of gaze vector,z of gaze vector
1,0.0,0,nan,nan,nan,nan,nan
2,0.033,0,nan,nan,nan,nan,nan
3,0.067,1,0.39,-0.142,0.37665045261383057,-0.1411934345960617,-0.9155319929122925
4,0.1,1,0.376,-0.151,0.3626231849193573,-0.1503201276063919,-0.9197327494621277
5,0.133,1,0.366,-0.14,0.3547399640083313,-0.13961747288703918,-0.9244816899299622
6,0.167,0,nan,nan,nan,nan,nan
7,0.2,0,nan,nan,nan,nan,nan
8,0.234,1,0.343,-0.153,0.33205536007881165,-0.15211915969848633,-0.930912971496582
9,0.267,1,0.355,-0.141,0.34380900859832764,-0.14068132638931274,-0.9284417629241943
10,0.3,1,0.367,-0.143,0.35470128059387207,-0.14254789054393768,-0.9240493178367615
11,0.334,1,0.366,-0.158,0.35341694951057434,-0.15779516100883484,-0.9220613837242126
12,0.367,1,0.377,-0.138,0.3646247088909149,-0.13726679980754852,-0.9209814071655273
13,0.4,1,0.383,-0.133,0.369961142539978,-0.13265790045261383,-0.9195274114608765
14,0.434,1,0.356,-0.15,0.34475988149642944,-0.1495020091533661,-0.9267090559005737
15,0.467,1,0.358,-0.15,0.34626978635787964,-0.14929714798927307,-0.926179051399231
16,0.501,1,0.354,-0.141,0.3435404598712921,-0.14091931283473969,-0.9285051226615906
17,0.534,0,nan,nan,nan,nan,nan
18,0.567,0,nan,nan,nan,nan,nan
19,0.601,0,nan,nan,nan,nan,nan
20,0.634,1,0.373,-0.153,0.3600086569786072,-0.15193147957324982,-0.920494794845581
21,0.667,0,nan,nan,nan,nan,nan
22,0.701,1,0.403,-0.151,0.3876021206378937,-0.1503988355398178,-0.9094750285148621
23,0.734,1,0.4,-0.145,0.3849605619907379,-0.14483846724033356,-0.9114972352981567
24,0.767,1,0.407,-0.14,0.39173030853271484,-0.1397840529680252,-0.909399688243866
25,0.801,1,0.399,-0.147,0.38432273268699646,-0.1467701643705368,-0.911457359790802
26,0.834,1,0.383,-0.156,0.3687375783920288,-0.15503740310668945,-0.9165129065513611
27,0.868,1,0.397,-0.148,0.3828296959400177,-0.1472424566745758,-0.9120093584060669
28,0.901,0,nan,nan,nan,nan,nan
29,0.934,0,nan,nan,nan,nan,nan
30,0.968,0,nan,nan,nan,nan,nan
31,1.001,1,0.408,-0.157,0.3916281759738922,-0.15586787462234497,-0.9068255424499512
32,1.034,1,0.408,-0.158,0.3921820819377899,-0.15779808163642883,-0.9062522053718567
33,1.068,0,nan,nan,nan,nan,nan
34,1.101,1,0.393,-0.156,0.37839606404304504,-0.1551560014486313,-0.9125475287437439
35,1.134,1,0.39,-0.17,0.3749758005142212,-0.16906459629535675,-0.9114879369735718
36,1.168,1,0.39,-0.154,0.37533503770828247,-0.15340076386928558,-0.9141071438789368
37,1.201,1,0.392,-0.165,0.37685176730155945,-0.1638685166835785,-0.9116632342338562
38,1.235,1,0.382,-0.153,0.36867567896842957,-0.15211907029151917,-0.9170267581939697
39,1.268,1,0.383,-0.151,0.36968719959259033,-0.1502024233341217,-0.9169354438781738
40,1.301,1,0.392,-0.155,0.37788790464401245,-0.15420125424861908,-0.9129198789596558
41,1.335,1,0.349,-0.163,0.3373231887817383,-0.16214437782764435,-0.9273198843002319
42,1.368,1,0.38,-0.145,0.3671751022338867,-0.14459599554538727,-0.9188440442085266
43,1.401,1,0.394,-0.156,0.3791998624801636,-0.1554953008890152,-0.9121560454368591
44,1.435,1,0.393,-0.159,0.37845462560653687,-0.15861016511917114,-0.9119292497634888
45,1.468,1,0.386,-0.149,0.37265685200691223,-0.14860166609287262,-0.9159936904907227
46,1.502,0,nan,nan,nan,nan,nan
47,1.535,0,nan,nan,nan,nan,nan
48,1.568,1,0.39,-0.165,0.37477487325668335,-0.16429027915000916,-0.9124431610107422
49,1.602,1,0.392,-0.151,0.37803325057029724,-0.14999939501285553,-0.9135594964027405
50,1.635,0,nan,nan,nan,nan,nan
51,1.668,1,0.312,-0.159,0.30322858691215515,-0.15865066647529602,-0.9396182298660278
52,1.702,1,0.314,-0.143,0.3060237765312195,-0.14255164563655853,-0.9412907958030701
53,1.735,1,0.294,-0.166,0.2861366271972656,-0.16562660038471222,-0.9437656998634338
54,1.768,1,0.321,-0.163,0.3110508918762207,-0.1624106615781784,-0.9364134669303894
55,1.802,1,0.32,-0.17,0.30999618768692017,-0.1690143346786499,-0.9355942010879517
56,1.835,1,0.326,-0.16,0.31648892164230347,-0.1594334840774536,-0.9351019859313965
57,1.869,1,0.332,-0.159,0.32147106528282166,-0.1586194932460785,-0.9335395693778992
58,1.902,1,0.329,-0.166,0.31865042448043823,-0.16478441655635834,-0.933438777923584
59,1.935,1,0.296,-0.158,0.2882198393344879,-0.15778876841068268,-0.944474458694458
60,1.969,1,0.328,-0.139,0.31898897886276245,-0.13869795203208923,-0.9375548362731934
61,2.002,1,0.298,-0.157,0.2898058295249939,-0.15657350420951843,-0.9441913962364197
62,2.035,1,0.33,-0.16,0.32010602951049805,-0.15925557911396027,-0.9339002966880798
63,2.069,1,0.318,-0.161,0.308642715215683,-0.16028070449829102,-0.9375765919685364
64,2.102,1,0.344,-0.15,0.3335978090763092,-0.14903736114501953,-0.9308599829673767
65,2.135,1,0.314,-0.163,0.3051256239414215,-0.1617913544178009,-0.9384678602218628
66,2.169,1,0.323,-0.153,0.3132496476173401,-0.15268857777118683,-0.9373157620429993
67,2.202,1,0.345,-0.153,0.33410751819610596,-0.152444526553154,-0.9301251769065857
68,2.236,1,0.332,-0.149,0.32204580307006836,-0.14875203371047974,-0.9349648952484131
69,2.269,1,0.328,-0.16,0.3177270293235779,-0.1595297008752823,-0.9346656203269958
70,2.302,1,0.323,-0.16,0.3134779930114746,-0.1596580445766449,-0.9360774159431458
71,2.336,1,0.333,-0.149,0.32327958941459656,-0.1486184000968933,-0.934560239315033
72,2.369,1,0.295,-0.159,0.28713124990463257,-0.15794602036476135,-0.9447796940803528
73,2.402,1,0.045,-0.188,0.04427153244614601,-0.18729756772518158,-0.9813051223754883
74,2.436,1,-0.019,-0.172,-0.01892801560461521,-0.17163057625293732,-0.9849795699119568
75,2.469,1,-0.066,-0.17,-0.06478865444660187,-0.1695316582918167,-0.9833928346633911
76,2.503,1,-0.039,-0.157,-0.03892120346426964,-0.1561986804008484,-0.9869585037231445
77,2.536,1,-0.077,-0.158,-0.07609293609857559,-0.15742012858390808,-0.9845957159996033
78,2.569,1,-0.07,-0.152,-0.06888463348150253,-0.1512547880411148,-0.986091673374176
79,2.603,1,-0.048,-0.157,-0.04783172532916069,-0.15652649104595184,-0.9865148067474365
80,2.636,1,-0.09,-0.148,-0.08863057941198349,-0.1476731300354004,-0.9850570559501648
81,2.669,1,-0.104,-0.144,-0.10249262303113937,-0.14349111914634705,-0.9843300580978394
82,2.703,1,-0.076,-0.162,-0.0746021568775177,-0.16125670075416565,-0.9840888381004333
83,2.736,1,-0.059,-0.165,-0.05835428461432457,-0.16445298492908478,-0.9846572875976562
84,2.769,1,-0.059,-0.164,-0.058269985020160675,-0.16304437816143036,-0.9848964810371399
85,2.803,1,-0.048,-0.176,-0.04733377695083618,-0.1754099577665329,-0.9833569526672363
86,2.836,1,-0.083,-0.159,-0.08188717067241669,-0.1579076647758484,-0.9840526580810547
87,2.87,1,-0.073,-0.161,-0.07190840691328049,-0.16020779311656952,-0.9844605922698975
88,2.903,1,-0.048,-0.168,-0.04717956483364105,-0.16725550591945648,-0.9847841262817383
89,2.936,1,-0.097,-0.161,-0.09542863070964813,-0.16077417135238647,-0.9823670387268066
90,2.97,1,-0.091,-0.16,-0.09005077183246613,-0.1590038239955902,-0.9831625819206238
91,3.003,1,-0.069,-0.17,-0.06785720586776733,-0.16911831498146057,-0.9832571148872375
92,3.036,1,-0.06,-0.182,-0.05881890654563904,-0.18120266497135162,-0.9816852807998657
93,3.07,1,-0.094,-0.149,-0.09249752759933472,-0.14797565340995789,-0.9846559166908264
94,3.103,1,-0.066,-0.17,-0.06533700227737427,-0.16967345774173737,-0.983332097530365
95,3.136,1,-0.093,-0.147,-0.09141979366540909,-0.14679491519927979,-0.9849333167076111
96,3.17,1,-0.091,-0.151,-0.08966313302516937,-0.15007318556308746,-0.9846007227897644
97,3.203,1,-0.072,-0.163,-0.07112287729978561,-0.16179095208644867,-0.9842587113380432
98,3.237,1,-0.083,-0.161,-0.0820719376206398,-0.1604628562927246,-0.9836238026618958
99,3.27,1,-0.065,-0.171,-0.06420692056417465,-0.1698221117258072,-0.9833808541297913
100,3.303,1,-0.082,-0.158,-0.08134355396032333,-0.15774719417095184,-0.9841235280036926
101,3.337,1,-0.075,-0.173,-0.07345836609601974,-0.17214733362197876,-0.9823284149169922
102,3.37,1,-0.07,-0.181,-0.06840115040540695,-0.18050384521484375,-0.981192946434021
103,3.403,1,-0.076,-0.164,-0.07510396093130112,-0.16359788179397583,-0.9836641550064087
104,3.437,1,-0.073,-0.152,-0.07257373631000519,-0.1518111675977707,-0.9857414364814758
105,3.47,1,-0.057,-0.175,-0.056394062936306,-0.1737765520811081,-0.9831690192222595
106,3.504,1,-0.055,-0.167,-0.05404934659600258,-0.16593433916568756,-0.9846545457839966
107,3.537,1,-0.064,-0.191,-0.06306678056716919,-0.1898728460073471,-0.9797810316085815
108,3.57,1,-0.082,-0.157,-0.0813126489520073,-0.15660113096237183,-0.984309196472168
109,3.604,1,-0.072,-0.158,-0.0709337666630745,-0.15762640535831451,-0.9849478602409363
110,3.637,1,-0.082,-0.168,-0.08109387755393982,-0.1669808179140091,-0.9826195240020752
111,3.67,1,-0.073,-0.149,-0.07247450947761536,-0.14841926097869873,-0.986265242099762
112,3.704,1,-0.058,-0.172,-0.05663035809993744,-0.17079639434814453,-0.9836776256561279
113,3.737,1,-0.086,-0.163,-0.08428499102592468,-0.16219092905521393,-0.9831531643867493
114,3.77,1,-0.057,-0.175,-0.05595565587282181,-0.17406225204467773,-0.9831435680389404
115,3.804,1,-0.083,-0.161,-0.08219848573207855,-0.1599835902452469,-0.9836913347244263
116,3.837,1,-0.063,-0.171,-0.0616430938243866,-0.16999854147434235,-0.9835144281387329
117,3.871,1,-0.092,-0.164,-0.09104453027248383,-0.16344167292118073,-0.9823429584503174
118,3.904,1,-0.088,-0.147,-0.08711276948451996,-0.1467280089855194,-0.9853335022926331
119,3.937,1,-0.037,-0.171,-0.03627117723226547,-0.16997039318084717,-0.9847814440727234
120,3.971,1,-0.048,-0.176,-0.0473853275179863,-0.17548954486846924,-0.983340322971344
121,4.004,1,-0.072,-0.153,-0.07151845842599869,-0.1522214114665985,-0.985755443572998
122,4.037,1,-0.084,-0.157,-0.08245895057916641,-0.15679675340652466,-0.9841825366020203
123,4.071,1,-0.076,-0.163,-0.0748756006360054,-0.1626897156238556,-0.9838321805000305
124,4.104,1,-0.079,-0.165,-0.07785861194133759,-0.16394518315792084,-0.983392059803009
125,4.137,1,-0.038,-0.176,-0.03748606890439987,-0.17514203488826752,-0.9838292598724365
126,4.171,1,-0.076,-0.163,-0.07491474598646164,-0.16182231903076172,-0.9839721918106079
127,4.204,1,-0.068,-0.161,-0.0671713575720787,-0.1604003757238388,-0.9847638010978699
128,4.238,1,-0.07,-0.159,-0.06929624080657959,-0.1587282121181488,-0.984887421131134
129,4.271,1,-0.088,-0.156,-0.08649257570505142,-0.1548786163330078,-0.9841400980949402
130,4.304,1,-0.086,-0.164,-0.08470317721366882,-0.16345727443695068,-0.9829074740409851
131,4.338,1,-0.052,-0.173,-0.051393404603004456,-0.17194323241710663,-0.9837653636932373
132,4.371,1,-0.053,-0.185,-0.05187445133924484,-0.1835704892873764,-0.9816368222236633
133,4.404,1,-0.076,-0.176,-0.07490742951631546,-0.17546141147613525,-0.98163241147995
134,4.438,1,-0.089,-0.171,-0.08798377215862274,-0.16987641155719757,-0.9815298914909363
135,4.471,1,-0.093,-0.165,-0.09162446856498718,-0.16408780217170715,-0.9821813106536865
136,4.505,1,-0.047,-0.193,-0.04608859866857529,-0.19163809716701508,-0.9803829789161682
137,4.538,1,-0.053,-0.169,-0.051774248480796814,-0.16793569922447205,-0.9844374656677246
138,4.571,1,-0.055,-0.189,-0.05426708981394768,-0.18833544850349426,-0.9806042909622192
139,4.605,1,-0.077,-0.17,-0.076235830783844,-0.16880106925964355,-0.9826974272727966
140,4.638,1,-0.101,-0.16,-0.0991387739777565,-0.15909124910831451,-0.9822735786437988
141,4.671,1,-0.074,-0.148,-0.07307549566030502,-0.14741304516792297,-0.9863718152046204
142,4.705,1,-0.074,-0.154,-0.07347135245800018,-0.15359163284301758,-0.9853991866111755
143,4.738,1,-0.044,-0.167,-0.04323447495698929,-0.16667430102825165,-0.9850637316703796
144,4.771,1,-0.074,-0.148,-0.07338657975196838,-0.1475929468870163,-0.9863218665122986
145,4.805,1,-0.094,-0.162,-0.09282004088163376,-0.161171093583107,-0.9825519323348999
146,4.838,1,-0.096,-0.16,-0.09496461600065231,-0.15882666409015656,-0.9827287793159485
147,4.872,1,-0.087,-0.154,-0.08589788526296616,-0.15356746315956116,-0.9843975901603699
148,4.905,1,-0.049,-0.165,-0.04806917905807495,-0.1646723747253418,-0.9851762652397156
149,4.938,1,-0.075,-0.152,-0.07405399531126022,-0.15132518112659454,-0.9857061505317688
150,4.972,1,-0.068,-0.154,-0.06729669868946075,-0.15383224189281464,-0.9858025908470154
151,5.005,1,-0.057,-0.172,-0.055708084255456924,-0.17104411125183105,-0.9836872220039368
152,5.038,1,-0.021,-0.079,-0.02133534662425518,-0.07877028733491898,-0.9966644048690796
153,5.072,1,-0.012,-0.091,-0.01206925231963396,-0.09103140980005264,-0.9957748651504517
154,5.105,1,-0.046,-0.093,-0.04582221060991287,-0.09309661388397217,-0.9946021437644958
155,5.138,1,-0.017,-0.08,-0.01645711436867714,-0.08038197457790375,-0.9966282844543457
156,5.172,1,-0.015,-0.08,-0.014866076409816742,-0.08009304851293564,-0.996676504611969
157,5.205,1,-0.03,-0.073,-0.030373916029930115,-0.07341941446065903,-0.9968385100364685
158,5.239,1,-0.028,-0.093,-0.027846992015838623,-0.09327569603919983,-0.9952507019042969
159,5.272,1,-0.042,-0.094,-0.041800595819950104,-0.09394297748804092,-0.9946996569633484
160,5.305,1,-0.032,-0.085,-0.032065607607364655,-0.08469599485397339,-0.9958907961845398
161,5.339,1,-0.038,-0.109,-0.03769565373659134,-0.10864764451980591,-0.9933653473854065
162,5.372,1,-0.034,-0.114,-0.03379650041460991,-0.11400752514600754,-0.9929048418998718
163,5.405,1,-0.019,-0.078,-0.018757030367851257,-0.07829070091247559,-0.9967540502548218
164,5.439,1,-0.037,-0.079,-0.03719887137413025,-0.07929393649101257,-0.9961570501327515
165,5.472,1,-0.036,-0.091,-0.035796619951725006,-0.09085611999034882,-0.9952204823493958
166,5.506,1,-0.049,-0.092,-0.04918062686920166,-0.09178396314382553,-0.994563639163971
167,5.539,1,-0.013,-0.075,-0.013316834345459938,-0.07496568560600281,-0.9970971941947937
168,5.572,1,-0.012,-0.093,-0.011630762368440628,-0.09277968853712082,-0.9956187009811401
169,5.606,1,0.062,-0.043,0.06231651082634926,-0.04328816384077072,-0.9971172213554382
170,5.639,1,0.14,-0.044,0.13904938101768494,-0.044224631041288376,-0.9892974495887756
171,5.672,1,0.114,-0.019,0.11416731029748917,-0.01914379745721817,-0.9932770729064941
172,5.706,1,0.095,-0.018,0.09499436616897583,-0.018068531528115273,-0.995313823223114
173,5.739,1,0.136,-0.041,0.135842427611351,-0.041438616812229156,-0.989863395690918
174,5.772,1,0.114,-0.022,0.11380533874034882,-0.022494172677397728,-0.9932484030723572
175,5.806,1,0.109,-0.015,0.10848648846149445,-0.014870785176753998,-0.9939867258071899
176,5.839,1,0.131,-0.027,0.13024435937404633,-0.027229122817516327,-0.9911080002784729
177,5.873,1,0.118,-0.009,0.11796457320451736,-0.009243561886250973,-0.9929748177528381
178,5.906,1,0.136,-0.025,0.1354987770318985,-0.024983303621411324,-0.9904624819755554
179,5.939,1,0.103,-0.003,0.10289715230464935,-0.003278132528066635,-0.9946865439414978
180,5.973,1,0.108,-0.019,0.10754197835922241,-0.01944173499941826,-0.9940103888511658
181,6.006,1,0.103,-0.017,0.10277044773101807,-0.017346711829304695,-0.994553804397583
182,6.039,1,0.117,-0.016,0.1170448362827301,-0.01636587269604206,-0.9929918050765991
183,6.073,1,0.113,-0.015,0.11251561343669891,-0.014858107082545757,-0.9935388565063477
184,6.106,1,0.12,-0.026,0.1193096935749054,-0.026034832000732422,-0.9925156831741333
185,6.139,1,0.114,-0.028,0.11341995745897293,-0.02761269360780716,-0.9931634068489075
186,6.173,1,0.109,-0.026,0.10889232903718948,-0.025971954688429832,-0.9937141537666321
187,6.206,1,0.103,-0.007,0.10267799347639084,-0.006758925970643759,-0.9946916699409485
188,6.24,1,0.122,-0.004,0.12193337827920914,-0.003591158427298069,-0.9925317168235779
189,6.273,1,0.105,-0.001,0.10517176240682602,-0.001301696291193366,-0.9944532513618469
190,6.306,1,0.112,-0.017,0.11223053187131882,-0.01708415523171425,-0.9935353398323059
191,6.34,1,0.103,-0.028,0.10266273468732834,-0.02807496301829815,-0.9943199157714844
192,6.373,1,0.111,-0.012,0.11097078025341034,-0.011927595362067223,-0.993752121925354
193,6.406,1,0.107,-0.026,0.10660514235496521,-0.02596956677734852,-0.9939622282981873
194,6.44,1,0.1,-0.009,0.09944470971822739,-0.009195736609399319,-0.9950006604194641
195,6.473,1,0.107,-0.01,0.10709132254123688,-0.00972739141434431,-0.99420166015625
196,6.507,1,0.113,-0.008,0.11276406049728394,-0.008165827952325344,-0.9935883283615112
197,6.54,1,0.106,-0.035,0.10565324872732162,-0.035257019102573395,-0.9937778115272522
198,6.573,1,0.103,-0.002,0.10264826565980911,-0.001922221970744431,-0.9947158098220825
199,6.607,1,0.111,-0.001,0.11062772572040558,-0.0013391514075919986,-0.9938610196113586
200,6.64,1,0.114,-0.005,0.11327359080314636,-0.004933618474751711,-0.9935515522956848
201,6.673,1,0.092,-0.002,0.0921204537153244,-0.0022068091202527285,-0.9957454204559326
202,6.707,1,0.101,-0.011,0.10058494657278061,-0.010637749917805195,-0.9948716759681702
203,6.74,1,0.114,-0.016,0.11340365558862686,-0.01580692082643509,-0.9934231638908386
204,6.773,1,0.118,-0.028,0.11792295426130295,-0.027932755649089813,-0.9926297068595886
205,6.807,1,0.125,-0.017,0.12441585958003998,-0.01665085181593895,-0.9920904636383057
206,6.84,1,0.127,-0.027,0.12665154039859772,-0.026922285556793213,-0.9915817975997925
207,6.874,1,0.102,-0.026,0.1014418825507164,-0.026401232928037643,-0.9944911003112793
208,6.907,1,0.113,-0.02,0.11249769479036331,-0.020342551171779633,-0.9934437870979309
209,6.94,1,0.116,-0.022,0.11610610783100128,-0.022361701354384422,-0.9929850101470947
210,6.974,1,0.09,-0.016,0.08962376415729523,-0.015801923349499702,-0.9958504438400269
211,7.007,1,0.089,-0.028,0.08905545622110367,-0.028202462941408157,-0.9956272840499878
212,7.04,1,0.119,-0.005,0.11886987090110779,-0.004852167330682278,-0.9928980469703674
213,7.074,1,0.093,-0.025,0.09250891953706741,-0.02507236786186695,-0.995396077632904
214,7.107,1,0.097,-0.022,0.09641603380441666,-0.02182576060295105,-0.9951018691062927
215,7.14,1,0.115,-0.022,0.11447011679410934,-0.021993573755025864,-0.9931831955909729
216,7.174,1,0.111,-0.006,0.11082755029201508,-0.005589946173131466,-0.9938240051269531
217,7.207,1,0.101,-0.022,0.10047824680805206,-0.02162284217774868,-0.9947041273117065
218,7.241,1,0.08,-0.031,0.0796218141913414,-0.03067510761320591,-0.996353030204773
219,7.274,1,0.094,-0.022,0.09368066489696503,-0.021987156942486763,-0.9953595399856567
220,7.307,1,0.115,-0.01,0.11491689085960388,-0.010422300547361374,-0.9933204650878906
221,7.341,1,0.092,-0.013,0.0921969786286354,-0.01304925698786974,-0.9956552982330322
222,7.374,1,0.103,-0.01,0.1024186909198761,-0.01042165420949459,-0.9946867823600769
223,7.407,1,0.114,0.003,0.11409616470336914,0.003065563039854169,-0.993465006351471
224,7.441,1,0.117,-0.002,0.11701230704784393,-0.0022995094768702984,-0.9931278228759766
225,7.474,1,0.095,-0.026,0.09453786909580231,-0.026413818821310997,-0.9951707720756531
226,7.508,1,0.096,-0.025,0.09544654935598373,-0.024865848943591118,-0.9951238632202148
227,7.541,1,0.111,-0.013,0.11040252447128296,-0.013010302558541298,-0.9938017129898071
228,7.574,1,0.112,-0.003,0.1116761788725853,-0.002636619145050645,-0.9937411546707153
229,7.608,1,0.095,-0.028,0.09454025328159332,-0.027623316273093224,-0.9951376914978027
230,7.641,1,0.112,-0.014,0.11176090687513351,-0.01397160068154335,-0.993636965751648
231,7.674,1,0.104,-0.01,0.10398692637681961,-0.009958617389202118,-0.9945287704467773
232,7.708,1,0.085,-0.021,0.08439438045024872,-0.02128083072602749,-0.9962051510810852
233,7.741,1,0.126,-0.006,0.1253538876771927,-0.005966691300272942,-0.9920942187309265
234,7.774,1,0.091,-0.024,0.09112720191478729,-0.023707984015345573,-0.9955570697784424
235,7.808,1,0.124,0.005,0.12336251884698868,0.004900788888335228,-0.9923495054244995
236,7.841,1,0.118,-0.009,0.11735831946134567,-0.008923439309000969,-0.9930495023727417
237,7.875,1,0.113,-0.004,0.11289593577384949,-0.004018815234303474,-0.9935986995697021
238,7.908,1,0.104,-0.024,0.10346421599388123,-0.023849979043006897,-0.9943472146987915
239,7.941,1,0.104,-0.02,0.1033090204000473,-0.01990470476448536,-0.9944501519203186
240,7.975,1,0.104,-0.024,0.10391648858785629,-0.024203861132264137,-0.9942914843559265
241,8.008,1,0.113,-0.028,0.11314383894205093,-0.027564559131860733,-0.9931961894035339
242,8.041,1,0.096,-0.019,0.0956186056137085,-0.01925160363316536,-0.9952318668365479
243,8.075,1,0.096,-0.016,0.09568455815315247,-0.016120467334985733,-0.9952811002731323
244,8.108,1,0.093,-0.012,0.09286928176879883,-0.01238233782351017,-0.9956014156341553
245,8.141,1,0.113,-0.004,0.11266099661588669,-0.003788931528106332,-0.9936262965202332
246,8.175,1,0.095,-0.012,0.0945494994521141,-0.01157032884657383,-0.995452880859375
247,8.208,1,0.139,0.024,0.13848254084587097,0.024439522996544838,-0.9900633096694946
248,8.242,1,0.206,0.042,0.20463231205940247,0.042435936629772186,-0.9779186248779297
249,8.275,1,0.168,0.042,0.1674124002456665,0.04148925468325615,-0.9850136041641235
250,8.308,1,0.178,0.019,0.1768747717142105,0.018645331263542175,-0.9840567708015442
251,8.342,1,0.187,0.009,0.18626388907432556,0.008838433772325516,-0.9824599623680115
252,8.375,1,0.191,0.028,0.19012236595153809,0.028055274859070778,-0.9813594222068787
253,8.408,1,0.272,0.113,0.26686543226242065,0.1130756288766861,-0.9570772051811218
254,8.442,1,0.264,0.103,0.2591411769390106,0.10240012407302856,-0.9603958129882812
255,8.475,1,0.277,0.128,0.2712920606136322,0.12759193778038025,-0.9540025591850281
256,8.509,1,0.26,0.137,0.2547476887702942,0.13672734797000885,-0.9572926759719849
257,8.542,1,0.287,0.097,0.28181180357933044,0.09668967872858047,-0.9545853137969971
258,8.575,1,0.285,0.098,0.2798641622066498,0.0973639264702797,-0.9550896883010864
259,8.609,1,0.285,0.115,0.27929192781448364,0.11454867571592331,-0.9533491730690002
260,8.642,1,0.302,0.119,0.29507333040237427,0.11843506246805191,-0.9481058716773987
261,8.675,1,0.279,0.11,0.2733486294746399,0.109981968998909,-0.9556068778038025
262,8.709,1,0.29,0.108,0.2844141721725464,0.10757508128881454,-0.9526469707489014
263,8.742,1,0.289,0.107,0.282920777797699,0.10637148469686508,-0.9532265663146973
264,8.775,1,0.28,0.099,0.27468523383140564,0.09926968067884445,-0.9563961029052734
265,8.809,1,0.301,0.102,0.29501238465309143,0.10220487415790558,-0.9500114917755127
266,8.842,1,0.278,0.099,0.27303647994995117,0.09905324876308441,-0.9568905234336853
267,8.876,1,0.279,0.106,0.27421626448631287,0.10585089772939682,-0.9558247923851013
268,8.909,1,0.26,0.11,0.25560176372528076,0.10959544777870178,-0.9605501294136047
269,8.942,1,0.289,0.111,0.2829444408416748,0.11074148863554001,-0.9527217745780945
270,8.976,1,0.302,0.105,0.29597389698028564,0.10514524579048157,-0.9493914246559143
271,9.009,1,0.25,0.12,0.2457846999168396,0.1197810024023056,-0.961895227432251
272,9.042,1,0.281,0.134,0.2752760350704193,0.133400559425354,-0.9520648121833801
273,9.076,1,0.286,0.118,0.28055495023727417,0.11803258210420609,-0.9525529742240906
274,9.109,1,0.288,0.119,0.28205519914627075,0.1183025911450386,-0.9520763754844666
275,9.142,1,0.307,0.099,0.3009084463119507,0.09851321578025818,-0.9485511183738708
276,9.176,1,0.289,0.124,0.282601922750473,0.1241065040230751,-0.9511749148368835
277,9.209,1,0.285,0.11,0.2791670560836792,0.10983354598283768,-0.9539403915405273
278,9.243,1,0.283,0.12,0.2776336073875427,0.11978960782289505,-0.9531894326210022
279,9.276,1,0.275,0.131,0.26930665969848633,0.13041190803050995,-0.9541837573051453
280,9.309,1,0.28,0.12,0.2739297151565552,0.12018537521362305,-0.954210638999939
281,9.343,1,0.283,0.114,0.277258038520813,0.11328059434890747,-0.9540940523147583
282,9.376,1,0.294,0.114,0.2877369821071625,0.11348897218704224,-0.9509614706039429
283,9.409,1,0.285,0.13,0.27861061692237854,0.13002271950244904,-0.9515619874000549
284,9.443,1,0.268,0.126,0.2629910111427307,0.12597885727882385,-0.9565380215644836
285,9.476,1,0.301,0.126,0.294019877910614,0.12544095516204834,-0.9475319981575012
286,9.51,1,0.285,0.135,0.2789895832538605,0.13502852618694305,-0.9507534503936768
287,9.543,1,0.295,0.115,0.28913116455078125,0.11490750312805176,-0.9503680467605591
288,9.576,1,0.296,0.107,0.2900843322277069,0.10666565597057343,-0.951038122177124
289,9.61,1,0.295,0.122,0.28820639848709106,0.12178844213485718,-0.9497919082641602
290,9.643,1,0.298,0.115,0.2918570637702942,0.11488375067710876,-0.9495372772216797
291,9.676,1,0.31,0.12,0.30331259965896606,0.11981760710477829,-0.9453281164169312
292,9.71,1,0.253,0.133,0.24790313839912415,0.13239336013793945,-0.9596957564353943
293,9.743,1,0.309,0.1,0.30239108204841614,0.10003012418746948,-0.9479206800460815
294,9.776,1,0.293,0.123,0.28632956743240356,0.12226993590593338,-0.9502975344657898
295,9.81,1,0.279,0.12,0.27351847290992737,0.11953083425760269,-0.9544107913970947
296,9.843,1,0.254,0.137,0.24914303421974182,0.13654926419258118,-0.958791971206665
297,9.877,1,0.253,0.134,0.24821950495243073,0.13382185995578766,-0.959415853023529
298,9.91,1,0.303,0.123,0.29623574018478394,0.12223485857248306,-0.9472607970237732
299,9.943,1,0.304,0.108,0.29760512709617615,0.10776251554489136,-0.9485875368118286
300,9.977,1,0.301,0.112,0.29453960061073303,0.11189007014036179,-0.9490663409233093
301,10.01,1,0.25,0.123,0.2457326203584671,0.1226968988776207,-0.961540937423706
302,10.043,1,0.281,0.114,0.2757365107536316,0.11365032196044922,-0.9544909596443176
303,10.077,1,0.3,0.115,0.2937191426753998,0.11467815190553665,-0.9489878416061401
304,10.11,1,0.293,0.109,0.28737249970436096,0.108425073325634,-0.9516622424125671
305,10.143,1,0.301,0.132,0.29409512877464294,0.1313009411096573,-0.9467144012451172
306,10.177,1,0.256,0.119,0.2518281936645508,0.11911029368638992,-0.9604141712188721
307,10.21,1,0.257,0.118,0.2524944841861725,0.11782252043485641,-0.9603980183601379
308,10.244,1,0.292,0.116,0.2854558825492859,0.11610008031129837,-0.9513336420059204
309,10.277,1,0.304,0.1,0.2979114353656769,0.10007216781377792,-0.9493336081504822
310,10.31,1,0.299,0.126,0.29181501269340515,0.12523657083511353,-0.948240339756012
311,10.344,1,0.283,0.117,0.27748239040374756,0.11644329130649567,-0.9536479711532593
312,10.377,1,0.251,0.119,0.24690861999988556,0.11850176751613617,-0.9617658257484436
313,10.41,1,0.298,0.108,0.2918872833251953,0.10738833993673325,-0.950404942035675
314,10.444,1,0.292,0.109,0.2860325872898102,0.10913509130477905,-0.951984703540802
315,10.477,1,0.31,0.1,0.30360352993011475,0.09986824542284012,-0.9475501179695129
316,10.511,1,0.309,0.116,0.3016367554664612,0.11544407159090042,-0.9464079141616821
317,10.544,1,0.302,0.115,0.2953417897224426,0.11523335427045822,-0.9484168291091919
318,10.577,1,0.293,0.123,0.2869109511375427,0.12257560342550278,-0.9500828385353088
319,10.611,1,0.304,0.116,0.2977636754512787,0.11615829169750214,-0.9475463628768921
320,10.644,1,0.282,0.123,0.2757709324359894,0.12265586107969284,-0.9533655643463135
321,10.677,1,0.295,0.126,0.2881210744380951,0.1254853904247284,-0.9493364691734314
322,10.711,1,0.312,0.108,0.3050331771373749,0.10797371715307236,-0.9462010264396667
323,10.744,1,0.29,0.13,0.2833609879016876,0.1298636496067047,-0.9501799941062927
324,10.777,1,0.298,0.128,0.2912890315055847,0.12738749384880066,-0.9481155872344971
325,10.811,1,0.305,0.116,0.29819798469543457,0.11556386202573776,-0.9474824070930481
326,10.844,1,0.232,0.141,0.2273634523153305,0.14063796401023865,-0.9636009931564331
327,10.878,1,0.128,0.17,0.1260412186384201,0.16869425773620605,-0.9775765538215637
328,10.911,1,0.028,0.174,0.027966342866420746,0.17348141968250275,-0.9844399690628052
329,10.944,1,0.017,0.17,0.01669052056968212,0.1689026802778244,-0.9854913949966431
330,10.978,1,0.032,0.159,0.031937386840581894,0.15822358429431915,-0.9868866801261902
331,11.011,1,0.049,0.136,0.048449959605932236,0.1355527639389038,-0.9895848035812378
332,11.044,1,0.0,0.16,9.33332194108516e-05,0.1595865786075592,-0.9871839284896851
333,11.078,1,0.028,0.161,0.027156298980116844,0.16051018238067627,-0.9866605401039124
334,11.111,1,-0.0,0.177,-0.00010125129483640194,0.17652808129787445,-0.9842956066131592
335,11.144,1,-0.04,0.127,-0.039215877652168274,0.1262044608592987,-0.9912288188934326
336,11.178,1,-0.016,0.108,-0.015472999773919582,0.10754422098398209,-0.9940798878669739
337,11.211,1,-0.026,0.203,-0.025244450196623802,0.2020942121744156,-0.9790406823158264
338,11.245,1,-0.033,0.187,-0.03266531974077225,0.18602265417575836,-0.982002317905426
339,11.278,1,-0.002,0.188,-0.0021628611721098423,0.18669012188911438,-0.9824164509773254
340,11.311,1,0.013,0.147,0.013005837798118591,0.1460075080394745,-0.9891979694366455
341,11.345,1,0.0,0.182,0.0001601117110112682,0.18059377372264862,-0.9835577607154846
342,11.378,1,0.01,0.165,0.009934749454259872,0.16449517011642456,-0.9863278269767761
343,11.411,1,0.004,0.195,0.004285917151719332,0.1933060586452484,-0.9811291694641113
344,11.445,1,-0.002,0.205,-0.002395526971668005,0.20339030027389526,-0.9790948033332825
345,11.478,1,0.019,0.164,0.018807923421263695,0.1635473221540451,-0.9863561987876892
346,11.512,1,-0.017,0.146,-0.01710917428135872,0.1453913301229477,-0.9892262816429138
347,11.545,1,0.013,0.183,0.012646099552512169,0.18210642039775848,-0.9831975102424622
348,11.578,1,0.042,0.2,0.0409855917096138,0.1988247185945511,-0.979177713394165
349,11.612,1,-0.031,0.202,-0.03069515898823738,0.2005726397037506,-0.9791978597640991
350,11.645,1,0.002,0.181,0.0017649743240326643,0.18049539625644684,-0.9835742712020874
351,11.678,1,-0.028,0.151,-0.02813338115811348,0.14993900060653687,-0.9882948994636536
352,11.712,1,0.007,0.195,0.0069948360323905945,0.19339892268180847,-0.9810952544212341
353,11.745,1,-0.023,0.202,-0.02283831685781479,0.20027193427085876,-0.9794741272926331
354,11.778,1,-0.109,0.225,-0.10572496801614761,0.22283658385276794,-0.9691057801246643
355,11.812,1,-0.111,0.248,-0.10754188150167465,0.24538862705230713,-0.9634413719177246
356,11.845,1,-0.118,0.215,-0.11459694802761078,0.2135484218597412,-0.9701879024505615
357,11.879,1,-0.092,0.238,-0.08913201838731766,0.2356620579957962,-0.9677389860153198
358,11.912,1,-0.104,0.208,-0.10135278105735779,0.206363707780838,-0.9732120037078857
359,11.945,1,-0.113,0.222,-0.11020010709762573,0.22006838023662567,-0.9692398905754089
360,11.979,1,-0.099,0.218,-0.09632693231105804,0.2166256457567215,-0.9714908599853516
361,12.012,1,-0.105,0.195,-0.10254338383674622,0.19346345961093903,-0.9757339954376221
362,12.045,1,-0.102,0.236,-0.09936538338661194,0.2337329238653183,-0.967210054397583
363,12.079,1,-0.102,0.205,-0.09997584670782089,0.2040444165468216,-0.9738432168960571
364,12.112,1,-0.121,0.242,-0.11760565638542175,0.23928216099739075,-0.9638012647628784
365,12.145,1,-0.127,0.232,-0.12311778962612152,0.23012389242649078,-0.9653419256210327
366,12.179,1,-0.116,0.185,-0.1141425147652626,0.18383504450321198,-0.9763074517250061
367,12.212,1,-0.119,0.214,-0.11603984981775284,0.21232537925243378,-0.9702848792076111
368,12.246,1,-0.107,0.226,-0.10366766899824142,0.2242768406867981,-0.9689958691596985
369,12.279,1,-0.112,0.185,-0.11006486415863037,0.18345586955547333,-0.9768468141555786
370,12.312,1,-0.106,0.214,-0.10290811955928802,0.2122020721435547,-0.9717922806739807
371,12.346,1,-0.109,0.209,-0.10639967769384384,0.20709408819675446,-0.9725179076194763
372,12.379,1,-0.111,0.195,-0.10827521979808807,0.1939486265182495,-0.9750181436538696
373,12.412,1,-0.101,0.206,-0.09879055619239807,0.2045513540506363,-0.9738579392433167
374,12.446,1,-0.129,0.245,-0.12460865825414658,0.24228695034980774,-0.9621692895889282
375,12.479,1,-0.125,0.238,-0.12106887996196747,0.23591479659080505,-0.9642025828361511
376,12.513,1,-0.101,0.226,-0.09860531985759735,0.22371232509613037,-0.9696545004844666
377,12.546,1,-0.129,0.238,-0.12528234720230103,0.2359749674797058,-0.9636493921279907
378,12.579,1,-0.111,0.19,-0.10871227085590363,0.18929190933704376,-0.9758843183517456
379,12.613,1,-0.11,0.218,-0.10700960457324982,0.2167505919933319,-0.9703443050384521
380,12.646,1,-0.105,0.249,-0.10183047503232956,0.24616092443466187,-0.963864803314209
381,12.679,1,-0.125,0.24,-0.12121278792619705,0.2379174679517746,-0.963692307472229
382,12.713,1,-0.136,0.183,-0.13358184695243835,0.1823345571756363,-0.9741201400756836
383,12.746,1,-0.118,0.246,-0.11436927318572998,0.24383006989955902,-0.9630506634712219
384,12.779,1,-0.114,0.219,-0.11109083890914917,0.21706469357013702,-0.9698153734207153
385,12.813,1,-0.109,0.22,-0.10659746825695038,0.21816447377204895,-0.9700728058815002
386,12.846,1,-0.107,0.213,-0.10419389605522156,0.21123437583446503,-0.9718660712242126
387,12.88,1,-0.129,0.249,-0.12454777956008911,0.2463001161813736,-0.9611576795578003
388,12.913,1,-0.104,0.217,-0.10146402567625046,0.21573804318904877,-0.9711653590202332
389,12.946,1,-0.115,0.232,-0.11127842217683792,0.22967666387557983,-0.9668845534324646
390,12.98,1,-0.118,0.223,-0.1152663454413414,0.22070284187793732,-0.9685060381889343
391,13.013,1,-0.116,0.225,-0.11303891986608505,0.22274473309516907,-0.9683011174201965
392,13.046,1,-0.124,0.232,-0.12044903635978699,0.22984397411346436,-0.965745210647583
393,13.08,1,-0.109,0.236,-0.10589716583490372,0.2335864156484604,-0.966552197933197
394,13.113,1,-0.117,0.235,-0.11339257657527924,0.23254621028900146,-0.9659525752067566
395,13.146,1,-0.11,0.21,-0.10780741274356842,0.20814436674118042,-0.9721385836601257
396,13.18,1,-0.11,0.225,-0.10735302418470383,0.22274890542030334,-0.9689469337463379
397,13.213,1,-0.115,0.195,-0.11295152455568314,0.1937016248703003,-0.974536657333374
398,13.247,1,-0.11,0.226,-0.1073276549577713,0.22432324290275574,-0.9685865044593811
399,13.28,1,-0.112,0.232,-0.10867819935083389,0.22954490780830383,-0.9672116041183472
400,13.313,1,-0.121,0.232,-0.11710382252931595,0.23035037517547607,-0.9660359025001526
401,13.347,1,-0.121,0.228,-0.11713889241218567,0.22574970126152039,-0.9671171307563782
402,13.38,1,-0.116,0.251,-0.11244639754295349,0.2481776624917984,-0.9621661305427551
403,13.413,1,-0.11,0.198,-0.10788484662771225,0.19702883064746857,-0.9744437336921692
404,13.447,1,-0.121,0.237,-0.11706339567899704,0.23446190357208252,-0.9650511145591736
405,13.48,1,-0.121,0.19,-0.11845859885215759,0.18901567161083221,-0.9748028516769409
406,13.514,1,-0.12,0.229,-0.11638033390045166,0.22695991396903992,-0.9669254422187805
407,13.547,1,-0.125,0.223,-0.12145295739173889,0.22080634534358978,-0.9677260518074036
